2:Paula:2002-08-21:Avenida Central 5, Zaragoza, Aragón:600333444:paula.lopez@email.com
3:Miguel:2001-11-02:Calle Norte 8, Madrid, Madrid:600555666:miguel.navarro@email.com
4:Lucía:2004-05-17:Calle Sur 22, Valencia, Comunidad Valenciana:600777888:lucia.martinez@email.com
5:Juan:2000-01-01:Calle Pez 3, Madrid, Madrid:600100001:juan.perez@email.com
6:Ana:2000-02-02:Calle Luna 7, Sevilla, Andalucía:600200002:ana.garcia@email.com
7:Luis:2000-03-03:Avenida España 14, Valencia, Comunidad Valenciana:600300003:luis.rodri@email.com
8:Elena:2000-04-04:Calle Ronda 9, Barcelona, Cataluña:600400004:elena.sanz@email.com
11:Luis:2000-03-02:Calle Perez 12, Zaragoza, Zaragoza:564765435:aaa@h.com
12:Luis:2007-09-23:Avenida Santa Isabel 18, Zaragoza, Zaragoza:123456789:a@gmail.con
13:Luis:2002-03-13:aVENIDA SANTA ISABEL 18, ZARAGOZA, ZARAGOZA:123456789:A@GMAIL.COM
21:Luis:2002-03-13:Avenida Santa Isabel 18, Zaragoza ,Zaragoza:987654321:Alguien@gmail.com
26:Luis:2002-03-13:Avenida Santa Isabel 18,  Zaragoza , Zaragoza:123456788:Alguien1@gmail.com
28:a:2002-02-13:Avenida Santa Isabel 18, Zaragoza, Zaragoza:987654321:Alguien2@gmail.com
29:a:2002-02-13:Avenida Santa Isabel 18, Zaragoza, Zaragoza:123456789:aa@gmail.com
30:Ricardo:2003-03-13:Calle Mayor 12, Zaragoza, Aragón:600111222:ricardo.garcia@email.com
